route_pattern,source_page,family,owning_suite_candidates,evidence_level,acceptance_reference
/,apps/web/src/app/(viewer)/page.tsx,Viewer shell,navigation; navigation-resize; public-discovery-detail; public-hero-lifecycle,Source/assertion inventory; not a new executed pass,"See AYIN_FINAL_ACCEPTANCE_RECONCILIATION.md for states, viewport, keyboard, RTL and ownership"
/account,apps/web/src/app/(viewer)/account/page.tsx,Private viewer,account-workspace; account-session-recovery; account-scope; notifications; privacy-controls,Source/assertion inventory; not a new executed pass,"See AYIN_FINAL_ACCEPTANCE_RECONCILIATION.md for states, viewport, keyboard, RTL and ownership"
/admin,apps/web/src/app/admin/page.tsx,Admin protected workspaces,admin-dashboard; admin-users; admin-channels; admin-videos; admin-trust-ui; admin-tv; admin-kids-classification,Source/assertion inventory; not a new executed pass,"See AYIN_FINAL_ACCEPTANCE_RECONCILIATION.md for states, viewport, keyboard, RTL and ownership"
/admin/advertising,apps/web/src/app/admin/advertising/page.tsx,Advertising,admin-advertising-navigation; admin-direct-campaign; admin-video-ads,Source/assertion inventory; not a new executed pass,"See AYIN_FINAL_ACCEPTANCE_RECONCILIATION.md for states, viewport, keyboard, RTL and ownership"
/admin/catalog-localizations,apps/web/src/app/admin/catalog-localizations/page.tsx,Admin catalog/import,admin-catalog-editor; catalog-admin; content-import,Source/assertion inventory; not a new executed pass,"See AYIN_FINAL_ACCEPTANCE_RECONCILIATION.md for states, viewport, keyboard, RTL and ownership"
/admin/channels,apps/web/src/app/admin/channels/page.tsx,Admin protected workspaces,admin-dashboard; admin-users; admin-channels; admin-videos; admin-trust-ui; admin-tv; admin-kids-classification,Source/assertion inventory; not a new executed pass,"See AYIN_FINAL_ACCEPTANCE_RECONCILIATION.md for states, viewport, keyboard, RTL and ownership"
/admin/content,apps/web/src/app/admin/content/page.tsx,Admin catalog/import,admin-catalog-editor; catalog-admin; content-import,Source/assertion inventory; not a new executed pass,"See AYIN_FINAL_ACCEPTANCE_RECONCILIATION.md for states, viewport, keyboard, RTL and ownership"
/admin/feature-flags,apps/web/src/app/admin/feature-flags/page.tsx,Product controls,merchandising-workspace; merchandising-selection; operator-workspaces,Source/assertion inventory; not a new executed pass,"See AYIN_FINAL_ACCEPTANCE_RECONCILIATION.md for states, viewport, keyboard, RTL and ownership"
/admin/kids,apps/web/src/app/admin/kids/page.tsx,Admin protected workspaces,admin-dashboard; admin-users; admin-channels; admin-videos; admin-trust-ui; admin-tv; admin-kids-classification,Source/assertion inventory; not a new executed pass,"See AYIN_FINAL_ACCEPTANCE_RECONCILIATION.md for states, viewport, keyboard, RTL and ownership"
/admin/moderation,apps/web/src/app/admin/moderation/page.tsx,Admin protected workspaces,admin-dashboard; admin-users; admin-channels; admin-videos; admin-trust-ui; admin-tv; admin-kids-classification,Source/assertion inventory; not a new executed pass,"See AYIN_FINAL_ACCEPTANCE_RECONCILIATION.md for states, viewport, keyboard, RTL and ownership"
/admin/movies,apps/web/src/app/admin/movies/page.tsx,Admin catalog/import,admin-catalog-editor; catalog-admin; content-import,Source/assertion inventory; not a new executed pass,"See AYIN_FINAL_ACCEPTANCE_RECONCILIATION.md for states, viewport, keyboard, RTL and ownership"
/admin/operations,apps/web/src/app/admin/operations/page.tsx,Operations,operator-workspaces; discovery-operations; observability-operations; warehouse-status,Source/assertion inventory; not a new executed pass,"See AYIN_FINAL_ACCEPTANCE_RECONCILIATION.md for states, viewport, keyboard, RTL and ownership"
/admin/operations/database,apps/web/src/app/admin/operations/database/page.tsx,Operations,operator-workspaces; discovery-operations; observability-operations; warehouse-status,Source/assertion inventory; not a new executed pass,"See AYIN_FINAL_ACCEPTANCE_RECONCILIATION.md for states, viewport, keyboard, RTL and ownership"
/admin/operations/discovery,apps/web/src/app/admin/operations/discovery/page.tsx,Operations,operator-workspaces; discovery-operations; observability-operations; warehouse-status,Source/assertion inventory; not a new executed pass,"See AYIN_FINAL_ACCEPTANCE_RECONCILIATION.md for states, viewport, keyboard, RTL and ownership"
/admin/operations/media,apps/web/src/app/admin/operations/media/page.tsx,Operations,operator-workspaces; discovery-operations; observability-operations; warehouse-status,Source/assertion inventory; not a new executed pass,"See AYIN_FINAL_ACCEPTANCE_RECONCILIATION.md for states, viewport, keyboard, RTL and ownership"
/admin/operations/observability,apps/web/src/app/admin/operations/observability/page.tsx,Operations,operator-workspaces; discovery-operations; observability-operations; warehouse-status,Source/assertion inventory; not a new executed pass,"See AYIN_FINAL_ACCEPTANCE_RECONCILIATION.md for states, viewport, keyboard, RTL and ownership"
/admin/operations/warehouse,apps/web/src/app/admin/operations/warehouse/page.tsx,Operations,operator-workspaces; discovery-operations; observability-operations; warehouse-status,Source/assertion inventory; not a new executed pass,"See AYIN_FINAL_ACCEPTANCE_RECONCILIATION.md for states, viewport, keyboard, RTL and ownership"
/admin/product-controls,apps/web/src/app/admin/product-controls/page.tsx,Product controls,merchandising-workspace; merchandising-selection; operator-workspaces,Source/assertion inventory; not a new executed pass,"See AYIN_FINAL_ACCEPTANCE_RECONCILIATION.md for states, viewport, keyboard, RTL and ownership"
/admin/revenue,apps/web/src/app/admin/revenue/page.tsx,Finance,creator-finance; creator-finance-account-scope; admin-finance; admin-payout-detail,Source/assertion inventory; not a new executed pass,"See AYIN_FINAL_ACCEPTANCE_RECONCILIATION.md for states, viewport, keyboard, RTL and ownership"
/admin/revenue/payouts/[payoutId],apps/web/src/app/admin/revenue/payouts/[payoutId]/page.tsx,Finance,creator-finance; creator-finance-account-scope; admin-finance; admin-payout-detail,Source/assertion inventory; not a new executed pass,"See AYIN_FINAL_ACCEPTANCE_RECONCILIATION.md for states, viewport, keyboard, RTL and ownership"
/admin/series,apps/web/src/app/admin/series/page.tsx,Admin catalog/import,admin-catalog-editor; catalog-admin; content-import,Source/assertion inventory; not a new executed pass,"See AYIN_FINAL_ACCEPTANCE_RECONCILIATION.md for states, viewport, keyboard, RTL and ownership"
/admin/settings,apps/web/src/app/admin/settings/page.tsx,Product controls,merchandising-workspace; merchandising-selection; operator-workspaces,Source/assertion inventory; not a new executed pass,"See AYIN_FINAL_ACCEPTANCE_RECONCILIATION.md for states, viewport, keyboard, RTL and ownership"
/admin/trust,apps/web/src/app/admin/trust/page.tsx,Admin protected workspaces,admin-dashboard; admin-users; admin-channels; admin-videos; admin-trust-ui; admin-tv; admin-kids-classification,Source/assertion inventory; not a new executed pass,"See AYIN_FINAL_ACCEPTANCE_RECONCILIATION.md for states, viewport, keyboard, RTL and ownership"
/admin/tv,apps/web/src/app/admin/tv/page.tsx,Admin protected workspaces,admin-dashboard; admin-users; admin-channels; admin-videos; admin-trust-ui; admin-tv; admin-kids-classification,Source/assertion inventory; not a new executed pass,"See AYIN_FINAL_ACCEPTANCE_RECONCILIATION.md for states, viewport, keyboard, RTL and ownership"
/admin/users,apps/web/src/app/admin/users/page.tsx,Admin protected workspaces,admin-dashboard; admin-users; admin-channels; admin-videos; admin-trust-ui; admin-tv; admin-kids-classification,Source/assertion inventory; not a new executed pass,"See AYIN_FINAL_ACCEPTANCE_RECONCILIATION.md for states, viewport, keyboard, RTL and ownership"
/admin/video-ads,apps/web/src/app/admin/video-ads/page.tsx,Advertising,admin-advertising-navigation; admin-direct-campaign; admin-video-ads,Source/assertion inventory; not a new executed pass,"See AYIN_FINAL_ACCEPTANCE_RECONCILIATION.md for states, viewport, keyboard, RTL and ownership"
/admin/videos,apps/web/src/app/admin/videos/page.tsx,Admin protected workspaces,admin-dashboard; admin-users; admin-channels; admin-videos; admin-trust-ui; admin-tv; admin-kids-classification,Source/assertion inventory; not a new executed pass,"See AYIN_FINAL_ACCEPTANCE_RECONCILIATION.md for states, viewport, keyboard, RTL and ownership"
/browse,apps/web/src/app/(viewer)/browse/page.tsx,Viewer shell,navigation; navigation-resize; public-discovery-detail; public-hero-lifecycle,Source/assertion inventory; not a new executed pass,"See AYIN_FINAL_ACCEPTANCE_RECONCILIATION.md for states, viewport, keyboard, RTL and ownership"
/c/[handle],apps/web/src/app/(viewer)/c/[handle]/page.tsx,Public community/creator,kids-viewer; community-viewer; public-creator-destinations; public-channel-playlist-policy,Source/assertion inventory; not a new executed pass,"See AYIN_FINAL_ACCEPTANCE_RECONCILIATION.md for states, viewport, keyboard, RTL and ownership"
/c/[handle]/community,apps/web/src/app/(viewer)/c/[handle]/community/page.tsx,Public community/creator,kids-viewer; community-viewer; public-creator-destinations; public-channel-playlist-policy,Source/assertion inventory; not a new executed pass,"See AYIN_FINAL_ACCEPTANCE_RECONCILIATION.md for states, viewport, keyboard, RTL and ownership"
/c/[handle]/playlists/[slug],apps/web/src/app/(viewer)/c/[handle]/playlists/[slug]/page.tsx,Public community/creator,kids-viewer; community-viewer; public-creator-destinations; public-channel-playlist-policy,Source/assertion inventory; not a new executed pass,"See AYIN_FINAL_ACCEPTANCE_RECONCILIATION.md for states, viewport, keyboard, RTL and ownership"
/c/[handle]/tv,apps/web/src/app/(viewer)/c/[handle]/tv/page.tsx,Public community/creator,kids-viewer; community-viewer; public-creator-destinations; public-channel-playlist-policy,Source/assertion inventory; not a new executed pass,"See AYIN_FINAL_ACCEPTANCE_RECONCILIATION.md for states, viewport, keyboard, RTL and ownership"
/channel/edit,apps/web/src/app/(viewer)/channel/edit/page.tsx,Creator overview/channel/playlists,studio-overview; channel-editor; playlist-library,Source/assertion inventory; not a new executed pass,"See AYIN_FINAL_ACCEPTANCE_RECONCILIATION.md for states, viewport, keyboard, RTL and ownership"
/channel/playlists,apps/web/src/app/(viewer)/channel/playlists/page.tsx,Creator overview/channel/playlists,studio-overview; channel-editor; playlist-library,Source/assertion inventory; not a new executed pass,"See AYIN_FINAL_ACCEPTANCE_RECONCILIATION.md for states, viewport, keyboard, RTL and ownership"
/channel/playlists/[playlistId],apps/web/src/app/(viewer)/channel/playlists/[playlistId]/page.tsx,Creator overview/channel/playlists,studio-overview; channel-editor; playlist-library,Source/assertion inventory; not a new executed pass,"See AYIN_FINAL_ACCEPTANCE_RECONCILIATION.md for states, viewport, keyboard, RTL and ownership"
/channel/tv,apps/web/src/app/(viewer)/channel/tv/page.tsx,Creator specialized workspaces,studio-live; creator-tv-management; studio-community; studio-feedback; creator-trust; studio-analytics,Source/assertion inventory; not a new executed pass,"See AYIN_FINAL_ACCEPTANCE_RECONCILIATION.md for states, viewport, keyboard, RTL and ownership"
/clips,apps/web/src/app/(viewer)/clips/page.tsx,Playback,watch-viewer; player-hls; player-progress-identity; live-playback; clips-layout,Source/assertion inventory; not a new executed pass,"See AYIN_FINAL_ACCEPTANCE_RECONCILIATION.md for states, viewport, keyboard, RTL and ownership"
/community,apps/web/src/app/(viewer)/community/page.tsx,Public community/creator,kids-viewer; community-viewer; public-creator-destinations; public-channel-playlist-policy,Source/assertion inventory; not a new executed pass,"See AYIN_FINAL_ACCEPTANCE_RECONCILIATION.md for states, viewport, keyboard, RTL and ownership"
/community-guidelines,apps/web/src/app/(viewer)/community-guidelines/page.tsx,Policy documents,Shared primitives only; dedicated rendered route matrix not located,Source/assertion inventory; not a new executed pass,"See AYIN_FINAL_ACCEPTANCE_RECONCILIATION.md for states, viewport, keyboard, RTL and ownership"
/cookies,apps/web/src/app/(viewer)/cookies/page.tsx,Policy documents,Shared primitives only; dedicated rendered route matrix not located,Source/assertion inventory; not a new executed pass,"See AYIN_FINAL_ACCEPTANCE_RECONCILIATION.md for states, viewport, keyboard, RTL and ownership"
/copyright,apps/web/src/app/(viewer)/copyright/page.tsx,Policy documents,Shared primitives only; dedicated rendered route matrix not located,Source/assertion inventory; not a new executed pass,"See AYIN_FINAL_ACCEPTANCE_RECONCILIATION.md for states, viewport, keyboard, RTL and ownership"
/creator-terms,apps/web/src/app/(viewer)/creator-terms/page.tsx,Policy documents,Shared primitives only; dedicated rendered route matrix not located,Source/assertion inventory; not a new executed pass,"See AYIN_FINAL_ACCEPTANCE_RECONCILIATION.md for states, viewport, keyboard, RTL and ownership"
/creators,apps/web/src/app/(viewer)/[section]/page.tsx,Catalog discovery/detail,public-directories; catalog-navigation; catalog-discovery; public-discovery-detail,Source/assertion inventory; not a new executed pass,"See AYIN_FINAL_ACCEPTANCE_RECONCILIATION.md for states, viewport, keyboard, RTL and ownership"
/forgot-password,apps/web/src/app/forgot-password/page.tsx,Authentication,auth-recovery; arabic-rtl; v1; account-mfa,Source/assertion inventory; not a new executed pass,"See AYIN_FINAL_ACCEPTANCE_RECONCILIATION.md for states, viewport, keyboard, RTL and ownership"
/kids,apps/web/src/app/(viewer)/kids/page.tsx,Public community/creator,kids-viewer; community-viewer; public-creator-destinations; public-channel-playlist-policy,Source/assertion inventory; not a new executed pass,"See AYIN_FINAL_ACCEPTANCE_RECONCILIATION.md for states, viewport, keyboard, RTL and ownership"
/live/[slug],apps/web/src/app/(viewer)/live/[slug]/page.tsx,Playback,watch-viewer; player-hls; player-progress-identity; live-playback; clips-layout,Source/assertion inventory; not a new executed pass,"See AYIN_FINAL_ACCEPTANCE_RECONCILIATION.md for states, viewport, keyboard, RTL and ownership"
/login,apps/web/src/app/login/page.tsx,Authentication,auth-recovery; arabic-rtl; v1; account-mfa,Source/assertion inventory; not a new executed pass,"See AYIN_FINAL_ACCEPTANCE_RECONCILIATION.md for states, viewport, keyboard, RTL and ownership"
/movies,apps/web/src/app/(viewer)/[section]/page.tsx,Catalog discovery/detail,public-directories; catalog-navigation; catalog-discovery; public-discovery-detail,Source/assertion inventory; not a new executed pass,"See AYIN_FINAL_ACCEPTANCE_RECONCILIATION.md for states, viewport, keyboard, RTL and ownership"
/movies/[slug],apps/web/src/app/movies/[slug]/page.tsx,Catalog discovery/detail,public-directories; catalog-navigation; catalog-discovery; public-discovery-detail,Source/assertion inventory; not a new executed pass,"See AYIN_FINAL_ACCEPTANCE_RECONCILIATION.md for states, viewport, keyboard, RTL and ownership"
/my-ayin,apps/web/src/app/(viewer)/my-ayin/page.tsx,Private viewer,account-workspace; account-session-recovery; account-scope; notifications; privacy-controls,Source/assertion inventory; not a new executed pass,"See AYIN_FINAL_ACCEPTANCE_RECONCILIATION.md for states, viewport, keyboard, RTL and ownership"
/my-ayin/lens,apps/web/src/app/(viewer)/my-ayin/lens/page.tsx,Search and Lens,public-discovery-detail; my-ayin-lens; arabic-rtl,Source/assertion inventory; not a new executed pass,"See AYIN_FINAL_ACCEPTANCE_RECONCILIATION.md for states, viewport, keyboard, RTL and ownership"
/notifications,apps/web/src/app/(viewer)/notifications/page.tsx,Private viewer,account-workspace; account-session-recovery; account-scope; notifications; privacy-controls,Source/assertion inventory; not a new executed pass,"See AYIN_FINAL_ACCEPTANCE_RECONCILIATION.md for states, viewport, keyboard, RTL and ownership"
/privacy,apps/web/src/app/(viewer)/privacy/page.tsx,Policy documents,Shared primitives only; dedicated rendered route matrix not located,Source/assertion inventory; not a new executed pass,"See AYIN_FINAL_ACCEPTANCE_RECONCILIATION.md for states, viewport, keyboard, RTL and ownership"
/register,apps/web/src/app/register/page.tsx,Authentication,auth-recovery; arabic-rtl; v1; account-mfa,Source/assertion inventory; not a new executed pass,"See AYIN_FINAL_ACCEPTANCE_RECONCILIATION.md for states, viewport, keyboard, RTL and ownership"
/reset-password,apps/web/src/app/reset-password/page.tsx,Authentication,auth-recovery; arabic-rtl; v1; account-mfa,Source/assertion inventory; not a new executed pass,"See AYIN_FINAL_ACCEPTANCE_RECONCILIATION.md for states, viewport, keyboard, RTL and ownership"
/search,apps/web/src/app/(viewer)/search/page.tsx,Search and Lens,public-discovery-detail; my-ayin-lens; arabic-rtl,Source/assertion inventory; not a new executed pass,"See AYIN_FINAL_ACCEPTANCE_RECONCILIATION.md for states, viewport, keyboard, RTL and ownership"
/series,apps/web/src/app/(viewer)/[section]/page.tsx,Catalog discovery/detail,public-directories; catalog-navigation; catalog-discovery; public-discovery-detail,Source/assertion inventory; not a new executed pass,"See AYIN_FINAL_ACCEPTANCE_RECONCILIATION.md for states, viewport, keyboard, RTL and ownership"
/series/[slug],apps/web/src/app/series/[slug]/page.tsx,Catalog discovery/detail,public-directories; catalog-navigation; catalog-discovery; public-discovery-detail,Source/assertion inventory; not a new executed pass,"See AYIN_FINAL_ACCEPTANCE_RECONCILIATION.md for states, viewport, keyboard, RTL and ownership"
/studio,apps/web/src/app/studio/page.tsx,Creator overview/channel/playlists,studio-overview; channel-editor; playlist-library,Source/assertion inventory; not a new executed pass,"See AYIN_FINAL_ACCEPTANCE_RECONCILIATION.md for states, viewport, keyboard, RTL and ownership"
/studio/analytics,apps/web/src/app/studio/analytics/page.tsx,Creator specialized workspaces,studio-live; creator-tv-management; studio-community; studio-feedback; creator-trust; studio-analytics,Source/assertion inventory; not a new executed pass,"See AYIN_FINAL_ACCEPTANCE_RECONCILIATION.md for states, viewport, keyboard, RTL and ownership"
/studio/channel,apps/web/src/app/studio/channel/page.tsx,Creator overview/channel/playlists,studio-overview; channel-editor; playlist-library,Source/assertion inventory; not a new executed pass,"See AYIN_FINAL_ACCEPTANCE_RECONCILIATION.md for states, viewport, keyboard, RTL and ownership"
/studio/comments,apps/web/src/app/studio/comments/page.tsx,Creator specialized workspaces,studio-live; creator-tv-management; studio-community; studio-feedback; creator-trust; studio-analytics,Source/assertion inventory; not a new executed pass,"See AYIN_FINAL_ACCEPTANCE_RECONCILIATION.md for states, viewport, keyboard, RTL and ownership"
/studio/community,apps/web/src/app/studio/community/page.tsx,Creator specialized workspaces,studio-live; creator-tv-management; studio-community; studio-feedback; creator-trust; studio-analytics,Source/assertion inventory; not a new executed pass,"See AYIN_FINAL_ACCEPTANCE_RECONCILIATION.md for states, viewport, keyboard, RTL and ownership"
/studio/content,apps/web/src/app/studio/content/page.tsx,Creator upload/content,upload-workflow; upload-history; content-editor; studio-content-pagination,Source/assertion inventory; not a new executed pass,"See AYIN_FINAL_ACCEPTANCE_RECONCILIATION.md for states, viewport, keyboard, RTL and ownership"
/studio/live,apps/web/src/app/studio/live/page.tsx,Creator specialized workspaces,studio-live; creator-tv-management; studio-community; studio-feedback; creator-trust; studio-analytics,Source/assertion inventory; not a new executed pass,"See AYIN_FINAL_ACCEPTANCE_RECONCILIATION.md for states, viewport, keyboard, RTL and ownership"
/studio/monetization,apps/web/src/app/studio/monetization/page.tsx,Finance,creator-finance; creator-finance-account-scope; admin-finance; admin-payout-detail,Source/assertion inventory; not a new executed pass,"See AYIN_FINAL_ACCEPTANCE_RECONCILIATION.md for states, viewport, keyboard, RTL and ownership"
/studio/playlists,apps/web/src/app/studio/playlists/page.tsx,Creator overview/channel/playlists,studio-overview; channel-editor; playlist-library,Source/assertion inventory; not a new executed pass,"See AYIN_FINAL_ACCEPTANCE_RECONCILIATION.md for states, viewport, keyboard, RTL and ownership"
/studio/support,apps/web/src/app/studio/support/page.tsx,Creator specialized workspaces,studio-live; creator-tv-management; studio-community; studio-feedback; creator-trust; studio-analytics,Source/assertion inventory; not a new executed pass,"See AYIN_FINAL_ACCEPTANCE_RECONCILIATION.md for states, viewport, keyboard, RTL and ownership"
/studio/trust,apps/web/src/app/studio/trust/page.tsx,Creator specialized workspaces,studio-live; creator-tv-management; studio-community; studio-feedback; creator-trust; studio-analytics,Source/assertion inventory; not a new executed pass,"See AYIN_FINAL_ACCEPTANCE_RECONCILIATION.md for states, viewport, keyboard, RTL and ownership"
/studio/tv,apps/web/src/app/studio/tv/page.tsx,Creator specialized workspaces,studio-live; creator-tv-management; studio-community; studio-feedback; creator-trust; studio-analytics,Source/assertion inventory; not a new executed pass,"See AYIN_FINAL_ACCEPTANCE_RECONCILIATION.md for states, viewport, keyboard, RTL and ownership"
/terms,apps/web/src/app/(viewer)/terms/page.tsx,Policy documents,Shared primitives only; dedicated rendered route matrix not located,Source/assertion inventory; not a new executed pass,"See AYIN_FINAL_ACCEPTANCE_RECONCILIATION.md for states, viewport, keyboard, RTL and ownership"
/tv,apps/web/src/app/(viewer)/[section]/page.tsx,Catalog discovery/detail,public-directories; catalog-navigation; catalog-discovery; public-discovery-detail,Source/assertion inventory; not a new executed pass,"See AYIN_FINAL_ACCEPTANCE_RECONCILIATION.md for states, viewport, keyboard, RTL and ownership"
/upload,apps/web/src/app/(viewer)/upload/page.tsx,Creator upload/content,upload-workflow; upload-history; content-editor; studio-content-pagination,Source/assertion inventory; not a new executed pass,"See AYIN_FINAL_ACCEPTANCE_RECONCILIATION.md for states, viewport, keyboard, RTL and ownership"
/watch/[slug],apps/web/src/app/(viewer)/watch/[slug]/page.tsx,Playback,watch-viewer; player-hls; player-progress-identity; live-playback; clips-layout,Source/assertion inventory; not a new executed pass,"See AYIN_FINAL_ACCEPTANCE_RECONCILIATION.md for states, viewport, keyboard, RTL and ownership"
